ts_utc,market_hash_name,price_cents,price_usd

2025-10-11T15:30:45Z,3rd Commando Company | KSK,1870,18.7
2025-10-11T15:30:45Z,AK-47 | Point Disarray (Field-Tested),1231,12.31
2025-10-11T15:30:45Z,M4A1-S | Hyper Beast (Well-Worn),1825,18.25
2025-10-11T15:30:45Z,USP-S | The Traitor (Well-Worn),1138,11.38
2025-10-11T19:13:37Z,3rd Commando Company | KSK,1835,18.35
2025-10-11T19:13:37Z,AK-47 | Point Disarray (Field-Tested),1238,12.38
2025-10-11T19:13:37Z,M4A1-S | Hyper Beast (Well-Worn),1810,18.1
2025-10-11T19:13:37Z,USP-S | The Traitor (Well-Worn),1102,11.02
2025-10-12T07:16:53Z,3rd Commando Company | KSK,1881,18.81
2025-10-12T07:16:53Z,AK-47 | Point Disarray (Field-Tested),1238,12.38
2025-10-12T07:16:53Z,M4A1-S | Hyper Beast (Well-Worn),1831,18.31
2025-10-12T07:16:53Z,USP-S | The Traitor (Well-Worn),1100,11.0
2025-10-12T19:14:12Z,3rd Commando Company | KSK,1741,17.41
2025-10-12T19:14:12Z,AK-47 | Point Disarray (Field-Tested),1238,12.38
2025-10-12T19:14:12Z,M4A1-S | Hyper Beast (Well-Worn),1800,18.0
2025-10-12T19:14:12Z,USP-S | The Traitor (Well-Worn),1092,10.92
2025-10-13T07:20:18Z,3rd Commando Company | KSK,1741,17.41
2025-10-13T07:20:18Z,AK-47 | Point Disarray (Field-Tested),1238,12.38
2025-10-13T07:20:18Z,M4A1-S | Hyper Beast (Well-Worn),1800,18.0
2025-10-13T07:20:18Z,USP-S | The Traitor (Well-Worn),1092,10.92
2025-10-13T19:14:48Z,3rd Commando Company | KSK,1819,18.19
2025-10-13T19:14:48Z,AK-47 | Point Disarray (Field-Tested),1240,12.4
2025-10-13T19:14:48Z,M4A1-S | Hyper Beast (Well-Worn),1948,19.48
2025-10-13T19:14:48Z,USP-S | The Traitor (Well-Worn),1175,11.75
2025-10-14T07:19:59Z,3rd Commando Company | KSK,1836,18.36
2025-10-14T07:19:59Z,AK-47 | Point Disarray (Field-Tested),1230,12.3
2025-10-14T07:19:59Z,M4A1-S | Hyper Beast (Well-Worn),2000,20.0
2025-10-14T07:19:59Z,USP-S | The Traitor (Well-Worn),1100,11.0
2025-10-14T19:15:52Z,3rd Commando Company | KSK,1834,18.34
2025-10-14T19:15:52Z,AK-47 | Point Disarray (Field-Tested),1230,12.3
2025-10-14T19:15:52Z,M4A1-S | Hyper Beast (Well-Worn),1902,19.02
2025-10-14T19:15:52Z,USP-S | The Traitor (Well-Worn),1122,11.22
2025-10-15T07:20:12Z,3rd Commando Company | KSK,1803,18.03
2025-10-15T07:20:12Z,AK-47 | Point Disarray (Field-Tested),1250,12.5
2025-10-15T07:20:12Z,M4A1-S | Hyper Beast (Well-Worn),1890,18.9
2025-10-15T07:20:12Z,USP-S | The Traitor (Well-Worn),1175,11.75
2025-10-15T19:15:50Z,3rd Commando Company | KSK,1761,17.61
2025-10-15T19:15:50Z,AK-47 | Point Disarray (Field-Tested),1232,12.32
2025-10-15T19:15:50Z,M4A1-S | Hyper Beast (Well-Worn),1892,18.92
2025-10-15T19:15:50Z,USP-S | The Traitor (Well-Worn),1140,11.4
2025-10-16T07:20:10Z,3rd Commando Company | KSK,1814,18.14
2025-10-16T07:20:10Z,AK-47 | Point Disarray (Field-Tested),1232,12.32
2025-10-16T07:20:10Z,M4A1-S | Hyper Beast (Well-Worn),1919,19.19
2025-10-16T07:20:10Z,USP-S | The Traitor (Well-Worn),1128,11.28
2025-10-16T19:14:52Z,3rd Commando Company | KSK,1819,18.19
2025-10-16T19:14:52Z,AK-47 | Point Disarray (Field-Tested),1234,12.34
2025-10-16T19:14:52Z,M4A1-S | Hyper Beast (Well-Worn),1959,19.59
2025-10-16T19:14:52Z,USP-S | The Traitor (Well-Worn),1120,11.2
2025-10-17T07:19:23Z,3rd Commando Company | KSK,1819,18.19
2025-10-17T07:19:23Z,AK-47 | Point Disarray (Field-Tested),1234,12.34
2025-10-17T07:19:23Z,M4A1-S | Hyper Beast (Well-Worn),1923,19.23
2025-10-17T07:19:23Z,USP-S | The Traitor (Well-Worn),1133,11.33
2025-10-17T19:15:35Z,3rd Commando Company | KSK,1780,17.8
2025-10-17T19:15:35Z,AK-47 | Point Disarray (Field-Tested),1220,12.2
2025-10-17T19:15:35Z,M4A1-S | Hyper Beast (Well-Worn),1966,19.66
2025-10-17T19:15:35Z,USP-S | The Traitor (Well-Worn),1133,11.33
2025-10-18T07:17:12Z,3rd Commando Company | KSK,1799,17.99
2025-10-18T07:17:12Z,AK-47 | Point Disarray (Field-Tested),1209,12.09
2025-10-18T07:17:12Z,M4A1-S | Hyper Beast (Well-Worn),1966,19.66
2025-10-18T07:17:12Z,USP-S | The Traitor (Well-Worn),1141,11.41
2025-10-18T19:14:17Z,3rd Commando Company | KSK,1739,17.39
2025-10-18T19:14:17Z,AK-47 | Point Disarray (Field-Tested),1200,12.0
2025-10-18T19:14:17Z,M4A1-S | Hyper Beast (Well-Worn),2000,20.0
2025-10-18T19:14:17Z,USP-S | The Traitor (Well-Worn),1175,11.75
2025-10-19T07:16:40Z,3rd Commando Company | KSK,1750,17.5
2025-10-19T07:16:40Z,AK-47 | Point Disarray (Field-Tested),1200,12.0
2025-10-19T07:16:40Z,M4A1-S | Hyper Beast (Well-Worn),2000,20.0
2025-10-19T07:16:40Z,USP-S | The Traitor (Well-Worn),1153,11.53
2025-10-19T19:14:32Z,3rd Commando Company | KSK,1666,16.66
2025-10-19T19:14:32Z,AK-47 | Point Disarray (Field-Tested),1190,11.9
2025-10-19T19:14:32Z,M4A1-S | Hyper Beast (Well-Worn),1988,19.88
2025-10-19T19:14:32Z,USP-S | The Traitor (Well-Worn),1159,11.59
2025-10-20T07:20:39Z,3rd Commando Company | KSK,1676,16.76
2025-10-20T07:20:39Z,AK-47 | Point Disarray (Field-Tested),1200,12.0
2025-10-20T07:20:39Z,M4A1-S | Hyper Beast (Well-Worn),1988,19.88
2025-10-20T07:20:39Z,USP-S | The Traitor (Well-Worn),1189,11.89
2025-10-20T19:16:36Z,3rd Commando Company | KSK,1643,16.43
2025-10-20T19:16:36Z,AK-47 | Point Disarray (Field-Tested),1183,11.83
2025-10-20T19:16:36Z,M4A1-S | Hyper Beast (Well-Worn),1989,19.89
2025-10-20T19:16:36Z,Sir Bloody Skullhead Darryl | The Professionals,6521,65.21
2025-10-20T19:16:36Z,USP-S | The Traitor (Well-Worn),1193,11.93
2025-10-21T07:20:21Z,3rd Commando Company | KSK,1670,16.7
2025-10-21T07:20:21Z,AK-47 | Point Disarray (Field-Tested),1215,12.15
2025-10-21T07:20:21Z,M4A1-S | Hyper Beast (Well-Worn),1980,19.8
2025-10-21T07:20:21Z,Sir Bloody Skullhead Darryl | The Professionals,6394,63.94
2025-10-21T07:20:21Z,USP-S | The Traitor (Well-Worn),1207,12.07
2025-10-21T19:16:59Z,3rd Commando Company | KSK,1669,16.69
2025-10-21T19:16:59Z,AK-47 | Point Disarray (Field-Tested),1194,11.94
2025-10-21T19:16:59Z,M4A1-S | Hyper Beast (Well-Worn),1980,19.8
2025-10-21T19:16:59Z,Sir Bloody Skullhead Darryl | The Professionals,6155,61.55
2025-10-21T19:16:59Z,USP-S | The Traitor (Well-Worn),1127,11.27
2025-10-22T07:19:47Z,3rd Commando Company | KSK,1670,16.7
2025-10-22T07:19:47Z,AK-47 | Point Disarray (Field-Tested),1162,11.62
2025-10-22T07:19:47Z,M4A1-S | Hyper Beast (Well-Worn),2000,20.0
2025-10-22T07:19:47Z,Sir Bloody Skullhead Darryl | The Professionals,6299,62.99
2025-10-22T07:19:47Z,USP-S | The Traitor (Well-Worn),1149,11.49
2025-10-22T19:15:29Z,3rd Commando Company | KSK,1670,16.7
2025-10-22T19:15:29Z,AK-47 | Point Disarray (Field-Tested),1161,11.61
2025-10-22T19:15:29Z,M4A1-S | Hyper Beast (Well-Worn),2006,20.06
2025-10-22T19:15:29Z,Sir Bloody Skullhead Darryl | The Professionals,6646,66.46
2025-10-22T19:15:29Z,USP-S | The Traitor (Well-Worn),1189,11.89
2025-10-23T07:20:21Z,3rd Commando Company | KSK,1534,15.34
2025-10-23T07:20:21Z,AK-47 | Point Disarray (Field-Tested),1162,11.62
2025-10-23T07:20:21Z,Sir Bloody Skullhead Darryl | The Professionals,5452,54.52
2025-10-23T19:16:16Z,'Blueberries' Buckshot | NSWC SEAL,1786,17.86
2025-10-23T19:16:16Z,3rd Commando Company | KSK,1515,15.15
2025-10-23T19:16:16Z,AK-47 | Point Disarray (Field-Tested),1143,11.43
2025-10-23T19:16:16Z,Sir Bloody Skullhead Darryl | The Professionals,5103,51.03
2025-10-24T07:19:34Z,'Blueberries' Buckshot | NSWC SEAL,1371,13.71
2025-10-24T07:19:34Z,3rd Commando Company | KSK,1283,12.83
2025-10-24T07:19:34Z,AK-47 | Point Disarray (Field-Tested),1119,11.19
2025-10-24T07:19:34Z,Sir Bloody Skullhead Darryl | The Professionals,4067,40.67
2025-10-24T19:16:19Z,'Blueberries' Buckshot | NSWC SEAL,1356,13.56
2025-10-24T19:16:19Z,3rd Commando Company | KSK,1229,12.29
2025-10-24T19:16:19Z,AK-47 | Point Disarray (Field-Tested),1134,11.34
2025-10-24T19:16:19Z,Sir Bloody Skullhead Darryl | The Professionals,4185,41.85
2025-10-25T07:17:39Z,'Blueberries' Buckshot | NSWC SEAL,1898,18.98
2025-10-25T07:17:39Z,3rd Commando Company | KSK,1231,12.31
2025-10-25T07:17:39Z,AK-47 | Point Disarray (Field-Tested),1080,10.8
2025-10-25T07:17:39Z,Sir Bloody Skullhead Darryl | The Professionals,4885,48.85
2025-10-25T19:14:40Z,'Blueberries' Buckshot | NSWC SEAL,2071,20.71
2025-10-25T19:14:40Z,3rd Commando Company | KSK,1497,14.97
2025-10-25T19:14:40Z,AK-47 | Point Disarray (Field-Tested),1183,11.83
2025-10-25T19:14:40Z,Sir Bloody Skullhead Darryl | The Professionals,5800,58.0
2025-10-26T07:17:13Z,'Blueberries' Buckshot | NSWC SEAL,2279,22.79
2025-10-26T07:17:13Z,3rd Commando Company | KSK,1271,12.71
2025-10-26T07:17:13Z,AK-47 | Point Disarray (Field-Tested),1242,12.42
2025-10-26T07:17:13Z,Sir Bloody Skullhead Darryl | The Professionals,6401,64.01
2025-10-26T19:15:05Z,'Blueberries' Buckshot | NSWC SEAL,2400,24.0
2025-10-26T19:15:05Z,3rd Commando Company | KSK,1656,16.56
2025-10-26T19:15:05Z,AK-47 | Point Disarray (Field-Tested),1278,12.78
2025-10-26T19:15:05Z,Arno The Overgrown | Guerrilla Warfare,1984,19.84
2025-10-26T19:15:05Z,Enforcer | Phoenix,1160,11.6
2025-10-26T19:15:05Z,Sir Bloody Skullhead Darryl | The Professionals,6027,60.27
2025-10-27T07:20:11Z,'Blueberries' Buckshot | NSWC SEAL,2300,23.0
2025-10-27T07:20:11Z,3rd Commando Company | KSK,1500,15.0
2025-10-27T07:20:11Z,AK-47 | Point Disarray (Field-Tested),1330,13.3
2025-10-27T07:20:11Z,Arno The Overgrown | Guerrilla Warfare,2286,22.86
2025-10-27T07:20:11Z,Enforcer | Phoenix,1160,11.6
2025-10-27T07:20:11Z,Sir Bloody Skullhead Darryl | The Professionals,6200,62.0
2025-10-27T19:16:40Z,'Blueberries' Buckshot | NSWC SEAL,2118,21.18
2025-10-27T19:16:40Z,3rd Commando Company | KSK,1656,16.56
2025-10-27T19:16:40Z,AK-47 | Point Disarray (Field-Tested),1330,13.3
2025-10-27T19:16:40Z,Arno The Overgrown | Guerrilla Warfare,2100,21.0
2025-10-27T19:16:40Z,Enforcer | Phoenix,1139,11.39
2025-10-27T19:16:40Z,Sir Bloody Skullhead Darryl | The Professionals,5775,57.75
2025-10-28T07:19:49Z,'Blueberries' Buckshot | NSWC SEAL,2100,21.0
2025-10-28T07:19:49Z,3rd Commando Company | KSK,1625,16.25
2025-10-28T07:19:49Z,AK-47 | Point Disarray (Field-Tested),1300,13.0
2025-10-28T07:19:49Z,Arno The Overgrown | Guerrilla Warfare,2048,20.48
2025-10-28T07:19:49Z,Enforcer | Phoenix,1110,11.1
2025-10-28T07:19:49Z,Sir Bloody Skullhead Darryl | The Professionals,5814,58.14
2025-10-28T19:16:34Z,'Blueberries' Buckshot | NSWC SEAL,1915,19.15
2025-10-28T19:16:34Z,3rd Commando Company | KSK,1385,13.85
2025-10-28T19:16:34Z,AK-47 | Point Disarray (Field-Tested),1330,13.3
2025-10-28T19:16:34Z,Arno The Overgrown | Guerrilla Warfare,1972,19.72
2025-10-28T19:16:34Z,Enforcer | Phoenix,1080,10.8
2025-10-28T19:16:34Z,Sir Bloody Skullhead Darryl | The Professionals,5345,53.45
2025-10-29T07:20:11Z,'Blueberries' Buckshot | NSWC SEAL,2080,20.8
2025-10-29T07:20:11Z,3rd Commando Company | KSK,1493,14.93
2025-10-29T07:20:11Z,AK-47 | Point Disarray (Field-Tested),1287,12.87
2025-10-29T07:20:11Z,Arno The Overgrown | Guerrilla Warfare,1971,19.71
2025-10-29T07:20:11Z,Enforcer | Phoenix,1087,10.87
2025-10-29T07:20:11Z,Sir Bloody Skullhead Darryl | The Professionals,5231,52.31
2025-10-29T19:16:06Z,'Blueberries' Buckshot | NSWC SEAL,2080,20.8
2025-10-29T19:16:06Z,3rd Commando Company | KSK,1521,15.21
2025-10-29T19:16:06Z,AK-47 | Point Disarray (Field-Tested),1224,12.24
2025-10-29T19:16:06Z,Arno The Overgrown | Guerrilla Warfare,1971,19.71
2025-10-29T19:16:06Z,Enforcer | Phoenix,1037,10.37
2025-10-29T19:16:06Z,Sir Bloody Skullhead Darryl | The Professionals,5231,52.31
2025-10-30T07:19:17Z,'Blueberries' Buckshot | NSWC SEAL,2080,20.8
2025-10-30T07:19:17Z,3rd Commando Company | KSK,1500,15.0
2025-10-30T07:19:17Z,AK-47 | Point Disarray (Field-Tested),1224,12.24
2025-10-30T07:19:17Z,Arno The Overgrown | Guerrilla Warfare,1971,19.71
2025-10-30T07:19:17Z,Enforcer | Phoenix,1049,10.49
2025-10-30T07:19:17Z,Sir Bloody Skullhead Darryl | The Professionals,5211,52.11
2025-10-30T19:16:18Z,'Blueberries' Buckshot | NSWC SEAL,2091,20.91
2025-10-30T19:16:18Z,3rd Commando Company | KSK,1545,15.45
2025-10-30T19:16:18Z,AK-47 | Point Disarray (Field-Tested),1239,12.39
2025-10-30T19:16:18Z,Arno The Overgrown | Guerrilla Warfare,1968,19.68
2025-10-30T19:16:18Z,Enforcer | Phoenix,1143,11.43
2025-10-30T19:16:18Z,Sir Bloody Skullhead Darryl | The Professionals,5911,59.11
2025-10-31T07:19:03Z,'Blueberries' Buckshot | NSWC SEAL,2372,23.72
2025-10-31T07:19:03Z,3rd Commando Company | KSK,1572,15.72
2025-10-31T07:19:03Z,AK-47 | Point Disarray (Field-Tested),1184,11.84
2025-10-31T07:19:03Z,Arno The Overgrown | Guerrilla Warfare,2235,22.35
2025-10-31T07:19:03Z,Enforcer | Phoenix,1163,11.63
2025-10-31T07:19:03Z,Sir Bloody Skullhead Darryl | The Professionals,6286,62.86
2025-10-31T19:15:17Z,'Blueberries' Buckshot | NSWC SEAL,2300,23.0
2025-10-31T19:15:17Z,3rd Commando Company | KSK,1658,16.58
2025-10-31T19:15:17Z,AK-47 | Point Disarray (Field-Tested),1330,13.3
2025-10-31T19:15:17Z,Arno The Overgrown | Guerrilla Warfare,2321,23.21
2025-10-31T19:15:17Z,Enforcer | Phoenix,1197,11.97
2025-10-31T19:15:17Z,Sir Bloody Skullhead Darryl | The Professionals,6286,62.86
2025-11-01T07:17:28Z,3rd Commando Company | KSK,1651,16.51
2025-11-01T07:17:28Z,AK-47 | Point Disarray (Field-Tested),1447,14.47
2025-11-01T07:17:28Z,Arno The Overgrown | Guerrilla Warfare,2509,25.09
2025-11-01T07:17:28Z,Enforcer | Phoenix,1229,12.29
2025-11-01T07:17:28Z,Sir Bloody Skullhead Darryl | The Professionals,6589,65.89
2025-11-01T19:13:46Z,3rd Commando Company | KSK,1669,16.69
2025-11-01T19:13:46Z,AK-47 | Point Disarray (Field-Tested),1435,14.35
2025-11-01T19:13:46Z,Arno The Overgrown | Guerrilla Warfare,2557,25.57
2025-11-01T19:13:46Z,Enforcer | Phoenix,1371,13.71
2025-11-01T19:13:46Z,Sir Bloody Skullhead Darryl | The Professionals,6589,65.89
2025-11-02T07:17:59Z,3rd Commando Company | KSK,1478,14.78
2025-11-02T07:17:59Z,AK-47 | Point Disarray (Field-Tested),1384,13.84
2025-11-02T07:17:59Z,Arno The Overgrown | Guerrilla Warfare,2509,25.09
2025-11-02T07:17:59Z,Enforcer | Phoenix,1200,12.0
2025-11-02T07:17:59Z,Sir Bloody Skullhead Darryl | The Professionals,6855,68.55
2025-11-02T19:14:04Z,3rd Commando Company | KSK,1673,16.73
2025-11-02T19:14:04Z,AK-47 | Point Disarray (Field-Tested),1618,16.18
2025-11-02T19:14:04Z,Arno The Overgrown | Guerrilla Warfare,2598,25.98
2025-11-02T19:14:04Z,Enforcer | Phoenix,1290,12.9
2025-11-02T19:14:04Z,Sir Bloody Skullhead Darryl | The Professionals,6800,68.0
2025-11-03T07:20:22Z,3rd Commando Company | KSK,1478,14.78
2025-11-03T07:20:22Z,AK-47 | Point Disarray (Field-Tested),1633,16.33
2025-11-03T07:20:22Z,Arno The Overgrown | Guerrilla Warfare,2600,26.0
2025-11-03T07:20:22Z,Enforcer | Phoenix,1279,12.79
2025-11-03T07:20:22Z,Sir Bloody Skullhead Darryl | The Professionals,6605,66.05
2025-11-03T19:16:14Z,3rd Commando Company | KSK,1637,16.37
2025-11-03T19:16:14Z,AK-47 | Point Disarray (Field-Tested),1504,15.04
2025-11-03T19:16:14Z,Arno The Overgrown | Guerrilla Warfare,2610,26.1
2025-11-03T19:16:14Z,Enforcer | Phoenix,1177,11.77
2025-11-03T19:16:14Z,Sir Bloody Skullhead Darryl | The Professionals,6500,65.0
2025-11-04T07:20:00Z,3rd Commando Company | KSK,1643,16.43
2025-11-04T07:20:00Z,AK-47 | Point Disarray (Field-Tested),1544,15.44
2025-11-04T07:20:00Z,Arno The Overgrown | Guerrilla Warfare,2650,26.5
2025-11-04T07:20:00Z,Enforcer | Phoenix,1141,11.41
2025-11-04T07:20:00Z,Sir Bloody Skullhead Darryl | The Professionals,5963,59.63
2025-11-04T19:16:27Z,3rd Commando Company | KSK,1508,15.08
2025-11-04T19:16:27Z,AK-47 | Point Disarray (Field-Tested),1470,14.7
2025-11-04T19:16:27Z,Arno The Overgrown | Guerrilla Warfare,2700,27.0
2025-11-04T19:16:27Z,Enforcer | Phoenix,1107,11.07
2025-11-04T19:16:27Z,Sir Bloody Skullhead Darryl | The Professionals,6201,62.01
2025-11-05T07:19:55Z,3rd Commando Company | KSK,1446,14.46
2025-11-05T07:19:55Z,AK-47 | Point Disarray (Field-Tested),1464,14.64
2025-11-05T07:19:55Z,Arno The Overgrown | Guerrilla Warfare,3175,31.75
2025-11-05T07:19:55Z,Enforcer | Phoenix,1079,10.79
2025-11-05T07:19:55Z,Sir Bloody Skullhead Darryl | The Professionals,6285,62.85
2025-11-05T19:17:24Z,3rd Commando Company | KSK,1549,15.49
2025-11-05T19:17:24Z,AK-47 | Point Disarray (Field-Tested),1420,14.2
2025-11-05T19:17:24Z,Enforcer | Phoenix,1243,12.43
2025-11-05T19:17:24Z,Sir Bloody Skullhead Darryl | The Professionals,6318,63.18
2025-11-06T07:19:38Z,3rd Commando Company | KSK,1650,16.5
2025-11-06T07:19:38Z,AK-47 | Point Disarray (Field-Tested),1441,14.41
2025-11-06T07:19:38Z,Enforcer | Phoenix,1180,11.8
2025-11-06T07:19:38Z,Sir Bloody Skullhead Darryl | The Professionals,6447,64.47
2025-11-06T19:16:28Z,3rd Commando Company | KSK,1558,15.58
2025-11-06T19:16:28Z,AK-47 | Point Disarray (Field-Tested),1332,13.32
2025-11-06T19:16:28Z,Enforcer | Phoenix,1199,11.99
2025-11-06T19:16:28Z,Sir Bloody Skullhead Darryl | The Professionals,6461,64.61
2025-11-07T07:19:34Z,3rd Commando Company | KSK,1630,16.3
2025-11-07T07:19:34Z,AK-47 | Point Disarray (Field-Tested),1450,14.5
2025-11-07T07:19:34Z,Enforcer | Phoenix,1195,11.95
2025-11-07T07:19:34Z,Sir Bloody Skullhead Darryl | The Professionals,6462,64.62
2025-11-07T19:16:46Z,3rd Commando Company | KSK,1583,15.83
2025-11-07T19:16:46Z,AK-47 | Point Disarray (Field-Tested),1320,13.2
2025-11-07T19:16:46Z,Enforcer | Phoenix,1143,11.43
2025-11-07T19:16:46Z,Sir Bloody Skullhead Darryl | The Professionals,6220,62.2
2025-11-08T07:17:43Z,3rd Commando Company | KSK,1561,15.61
2025-11-08T07:17:43Z,AK-47 | Point Disarray (Field-Tested),1398,13.98
2025-11-08T07:17:43Z,Enforcer | Phoenix,1149,11.49
2025-11-08T07:17:43Z,Sir Bloody Skullhead Darryl | The Professionals,6149,61.49
2025-11-08T19:14:44Z,3rd Commando Company | KSK,1500,15.0
2025-11-08T19:14:44Z,AK-47 | Point Disarray (Field-Tested),1388,13.88
2025-11-08T19:14:44Z,Enforcer | Phoenix,1190,11.9
2025-11-08T19:14:44Z,Sir Bloody Skullhead Darryl | The Professionals,6131,61.31
2025-11-09T07:18:12Z,3rd Commando Company | KSK,1400,14.0
2025-11-09T07:18:12Z,AK-47 | Point Disarray (Field-Tested),1352,13.52
2025-11-09T07:18:12Z,Enforcer | Phoenix,1094,10.94
2025-11-09T07:18:12Z,Sir Bloody Skullhead Darryl | The Professionals,6094,60.94
2025-11-09T19:14:14Z,3rd Commando Company | KSK,1447,14.47
2025-11-09T19:14:14Z,AK-47 | Point Disarray (Field-Tested),1315,13.15
2025-11-09T19:14:14Z,Enforcer | Phoenix,1136,11.36
2025-11-09T19:14:14Z,Sir Bloody Skullhead Darryl | The Professionals,5945,59.45
2025-11-10T07:20:09Z,3rd Commando Company | KSK,1618,16.18
2025-11-10T07:20:09Z,AK-47 | Point Disarray (Field-Tested),1388,13.88
2025-11-10T07:20:09Z,Enforcer | Phoenix,1111,11.11
2025-11-10T07:20:09Z,Sir Bloody Skullhead Darryl | The Professionals,5968,59.68
2025-11-10T19:16:40Z,3rd Commando Company | KSK,1619,16.19
2025-11-10T19:16:40Z,AK-47 | Point Disarray (Field-Tested),1306,13.06
2025-11-10T19:16:40Z,Enforcer | Phoenix,1050,10.5
2025-11-10T19:16:40Z,Sir Bloody Skullhead Darryl | The Professionals,5774,57.74
2025-11-11T07:20:35Z,3rd Commando Company | KSK,1601,16.01
2025-11-11T07:20:35Z,AK-47 | Point Disarray (Field-Tested),1323,13.23
2025-11-11T07:20:35Z,Enforcer | Phoenix,1068,10.68
2025-11-11T07:20:35Z,Sir Bloody Skullhead Darryl | The Professionals,5629,56.29
2025-11-11T19:16:33Z,3rd Commando Company | KSK,1474,14.74
2025-11-11T19:16:33Z,AK-47 | Point Disarray (Field-Tested),1275,12.75
2025-11-11T19:16:33Z,Enforcer | Phoenix,1062,10.62
2025-11-11T19:16:33Z,Sir Bloody Skullhead Darryl | The Professionals,5799,57.99
2025-11-12T07:20:11Z,3rd Commando Company | KSK,1595,15.95
2025-11-12T07:20:11Z,AK-47 | Point Disarray (Field-Tested),1375,13.75
2025-11-12T07:20:11Z,Enforcer | Phoenix,1059,10.59
2025-11-12T07:20:11Z,Sir Bloody Skullhead Darryl | The Professionals,5580,55.8
2025-11-12T19:17:16Z,3rd Commando Company | KSK,1380,13.8
2025-11-12T19:17:16Z,AK-47 | Point Disarray (Field-Tested),1287,12.87
2025-11-12T19:17:16Z,Enforcer | Phoenix,1040,10.4
2025-11-12T19:17:16Z,Sir Bloody Skullhead Darryl | The Professionals,5581,55.81
2025-11-13T07:19:49Z,3rd Commando Company | KSK,1304,13.04
2025-11-13T07:19:49Z,AK-47 | Point Disarray (Field-Tested),1283,12.83
2025-11-13T07:19:49Z,Enforcer | Phoenix,1024,10.24
2025-11-13T07:19:49Z,Sir Bloody Skullhead Darryl | The Professionals,5744,57.44
2025-11-13T19:16:42Z,3rd Commando Company | KSK,1390,13.9
2025-11-13T19:16:42Z,AK-47 | Point Disarray (Field-Tested),1327,13.27
2025-11-13T19:16:42Z,Enforcer | Phoenix,1024,10.24
2025-11-13T19:16:42Z,Sir Bloody Skullhead Darryl | The Professionals,5609,56.09
2025-11-14T07:19:50Z,3rd Commando Company | KSK,1330,13.3
2025-11-14T07:19:50Z,AK-47 | Point Disarray (Field-Tested),1327,13.27
2025-11-14T07:19:50Z,Enforcer | Phoenix,1023,10.23
2025-11-14T07:19:50Z,Sir Bloody Skullhead Darryl | The Professionals,5617,56.17
2025-11-14T19:16:44Z,3rd Commando Company | KSK,1328,13.28
2025-11-14T19:16:44Z,AK-47 | Point Disarray (Field-Tested),1309,13.09
2025-11-14T19:16:44Z,Enforcer | Phoenix,992,9.92
2025-11-14T19:16:44Z,Sir Bloody Skullhead Darryl | The Professionals,5574,55.74
2025-11-15T07:17:46Z,3rd Commando Company | KSK,1354,13.54
2025-11-15T07:17:46Z,AK-47 | Point Disarray (Field-Tested),1369,13.69
2025-11-15T07:17:46Z,Enforcer | Phoenix,900,9.0
2025-11-15T07:17:46Z,Sir Bloody Skullhead Darryl | The Professionals,5562,55.62
2025-11-15T19:13:54Z,3rd Commando Company | KSK,1330,13.3
2025-11-15T19:13:54Z,AK-47 | Point Disarray (Field-Tested),1387,13.87
2025-11-15T19:13:54Z,Enforcer | Phoenix,964,9.64
2025-11-15T19:13:54Z,Sir Bloody Skullhead Darryl | The Professionals,5616,56.16
2025-11-16T07:18:18Z,3rd Commando Company | KSK,1350,13.5
2025-11-16T07:18:18Z,AK-47 | Point Disarray (Field-Tested),1330,13.3
2025-11-16T07:18:18Z,Enforcer | Phoenix,925,9.25
2025-11-16T07:18:18Z,Sir Bloody Skullhead Darryl | The Professionals,5616,56.16
2025-11-16T19:15:21Z,3rd Commando Company | KSK,1475,14.75
2025-11-16T19:15:21Z,AK-47 | Point Disarray (Field-Tested),1398,13.98
2025-11-16T19:15:21Z,Enforcer | Phoenix,948,9.48
2025-11-16T19:15:21Z,Sir Bloody Skullhead Darryl | The Professionals,5555,55.55
2025-11-17T07:20:29Z,3rd Commando Company | KSK,1298,12.98
2025-11-17T07:20:29Z,AK-47 | Point Disarray (Field-Tested),1353,13.53
2025-11-17T07:20:29Z,Enforcer | Phoenix,948,9.48
2025-11-17T07:20:29Z,Sir Bloody Skullhead Darryl | The Professionals,5666,56.66
2025-11-17T19:16:31Z,3rd Commando Company | KSK,1298,12.98
2025-11-17T19:16:31Z,AK-47 | Point Disarray (Field-Tested),1336,13.36
2025-11-17T19:16:31Z,Enforcer | Phoenix,965,9.65
2025-11-17T19:16:31Z,Sir Bloody Skullhead Darryl | The Professionals,5410,54.1
2025-11-18T07:20:29Z,3rd Commando Company | KSK,1248,12.48
2025-11-18T07:20:29Z,AK-47 | Point Disarray (Field-Tested),1336,13.36
2025-11-18T07:20:29Z,Enforcer | Phoenix,931,9.31
2025-11-18T07:20:29Z,Sir Bloody Skullhead Darryl | The Professionals,5410,54.1
2025-11-18T19:17:53Z,3rd Commando Company | KSK,1240,12.4
2025-11-18T19:17:53Z,AK-47 | Point Disarray (Field-Tested),1378,13.78
2025-11-18T19:17:53Z,Enforcer | Phoenix,931,9.31
2025-11-18T19:17:53Z,Sir Bloody Skullhead Darryl | The Professionals,5450,54.5
2025-11-19T07:20:27Z,3rd Commando Company | KSK,1200,12.0
2025-11-19T07:20:27Z,AK-47 | Point Disarray (Field-Tested),1366,13.66
2025-11-19T07:20:27Z,Enforcer | Phoenix,912,9.12
2025-11-19T07:20:27Z,Sir Bloody Skullhead Darryl | The Professionals,5280,52.8
2025-11-19T19:16:55Z,3rd Commando Company | KSK,1207,12.07
2025-11-19T19:16:55Z,AK-47 | Point Disarray (Field-Tested),1330,13.3
2025-11-19T19:16:55Z,Enforcer | Phoenix,902,9.02
2025-11-19T19:16:55Z,Sir Bloody Skullhead Darryl | The Professionals,5399,53.99
2025-11-20T07:20:07Z,3rd Commando Company | KSK,1239,12.39
2025-11-20T07:20:07Z,AK-47 | Point Disarray (Field-Tested),1291,12.91
2025-11-20T07:20:07Z,Enforcer | Phoenix,901,9.01
2025-11-20T07:20:07Z,Sir Bloody Skullhead Darryl | The Professionals,5319,53.19
2025-11-20T19:16:44Z,3rd Commando Company | KSK,1181,11.81
2025-11-20T19:16:44Z,AK-47 | Point Disarray (Field-Tested),1366,13.66
2025-11-20T19:16:44Z,Enforcer | Phoenix,909,9.09
2025-11-20T19:16:44Z,Sir Bloody Skullhead Darryl | The Professionals,5218,52.18
2025-11-21T07:20:30Z,3rd Commando Company | KSK,1169,11.69
2025-11-21T07:20:30Z,AK-47 | Point Disarray (Field-Tested),1337,13.37
2025-11-21T07:20:30Z,Enforcer | Phoenix,909,9.09
2025-11-21T07:20:30Z,Sir Bloody Skullhead Darryl | The Professionals,5219,52.19
2025-11-21T19:17:37Z,3rd Commando Company | KSK,1248,12.48
2025-11-21T19:17:37Z,AK-47 | Point Disarray (Field-Tested),1424,14.24
2025-11-21T19:17:37Z,Enforcer | Phoenix,911,9.11
2025-11-21T19:17:37Z,Sir Bloody Skullhead Darryl | The Professionals,5300,53.0
2025-11-22T07:18:09Z,3rd Commando Company | KSK,1240,12.4
2025-11-22T07:18:09Z,AK-47 | Point Disarray (Field-Tested),1336,13.36
2025-11-22T07:18:09Z,Enforcer | Phoenix,865,8.65
2025-11-22T07:18:09Z,Sir Bloody Skullhead Darryl | The Professionals,5200,52.0
2025-11-22T19:15:26Z,3rd Commando Company | KSK,1243,12.43
2025-11-22T19:15:26Z,AK-47 | Point Disarray (Field-Tested),1405,14.05
2025-11-22T19:15:26Z,Enforcer | Phoenix,864,8.64
2025-11-22T19:15:26Z,Sir Bloody Skullhead Darryl | The Professionals,4952,49.52
2025-11-23T07:19:16Z,3rd Commando Company | KSK,1233,12.33
2025-11-23T07:19:16Z,AK-47 | Point Disarray (Field-Tested),1400,14.0
2025-11-23T07:19:16Z,Enforcer | Phoenix,817,8.17
2025-11-23T07:19:16Z,Sir Bloody Skullhead Darryl | The Professionals,5071,50.71
2025-11-23T19:15:54Z,3rd Commando Company | KSK,1258,12.58
2025-11-23T19:15:54Z,AK-47 | Point Disarray (Field-Tested),1328,13.28
2025-11-23T19:15:54Z,Enforcer | Phoenix,856,8.56
2025-11-23T19:15:54Z,Sir Bloody Skullhead Darryl | The Professionals,5072,50.72
2025-11-24T07:20:50Z,3rd Commando Company | KSK,1232,12.32
2025-11-24T07:20:50Z,AK-47 | Point Disarray (Field-Tested),1363,13.63
2025-11-24T07:20:50Z,Enforcer | Phoenix,854,8.54
2025-11-24T07:20:50Z,Sir Bloody Skullhead Darryl | The Professionals,5079,50.79
2025-11-24T16:05:04Z,3rd Commando Company | KSK,1241,12.41
2025-11-24T16:05:04Z,AK-47 | Point Disarray (Field-Tested),1324,13.24
2025-11-24T16:05:04Z,Enforcer | Phoenix,856,8.56
2025-11-24T16:05:04Z,Sir Bloody Skullhead Darryl | The Professionals,5194,51.94
2025-11-24T19:14:57Z,3rd Commando Company | KSK,1241,12.41
2025-11-24T19:14:57Z,AK-47 | Point Disarray (Field-Tested),1324,13.24
2025-11-24T19:14:57Z,Enforcer | Phoenix,837,8.37
2025-11-24T19:14:57Z,Sir Bloody Skullhead Darryl | The Professionals,5194,51.94
2025-11-25T07:20:30Z,3rd Commando Company | KSK,1255,12.55
2025-11-25T07:20:30Z,AK-47 | Point Disarray (Field-Tested),1295,12.95
2025-11-25T07:20:30Z,Enforcer | Phoenix,856,8.56
2025-11-25T07:20:30Z,Sir Bloody Skullhead Darryl | The Professionals,5103,51.03
2025-11-25T19:17:58Z,3rd Commando Company | KSK,1249,12.49
2025-11-25T19:17:58Z,AK-47 | Point Disarray (Field-Tested),1235,12.35
2025-11-25T19:17:58Z,Enforcer | Phoenix,879,8.79
2025-11-25T19:17:58Z,Sir Bloody Skullhead Darryl | The Professionals,5048,50.48
2025-11-26T07:20:17Z,3rd Commando Company | KSK,1237,12.37
2025-11-26T07:20:17Z,AK-47 | Point Disarray (Field-Tested),1292,12.92
2025-11-26T07:20:17Z,Enforcer | Phoenix,857,8.57
2025-11-26T07:20:17Z,Sir Bloody Skullhead Darryl | The Professionals,5079,50.79
2025-11-26T19:16:55Z,3rd Commando Company | KSK,1270,12.7
2025-11-26T19:16:55Z,AK-47 | Point Disarray (Field-Tested),1292,12.92
2025-11-26T19:16:55Z,Enforcer | Phoenix,892,8.92
2025-11-26T19:16:55Z,Sir Bloody Skullhead Darryl | The Professionals,5400,54.0
2025-11-27T07:21:21Z,3rd Commando Company | KSK,1261,12.61
2025-11-27T07:21:21Z,AK-47 | Point Disarray (Field-Tested),1294,12.94
2025-11-27T07:21:21Z,Enforcer | Phoenix,881,8.81
2025-11-27T07:21:21Z,Sir Bloody Skullhead Darryl | The Professionals,5131,51.31
2025-11-27T19:16:40Z,3rd Commando Company | KSK,1268,12.68
2025-11-27T19:16:40Z,AK-47 | Point Disarray (Field-Tested),1293,12.93
2025-11-27T19:16:40Z,Enforcer | Phoenix,912,9.12
2025-11-27T19:16:40Z,Sir Bloody Skullhead Darryl | The Professionals,5463,54.63
2025-11-28T07:20:32Z,3rd Commando Company | KSK,1216,12.16
2025-11-28T07:20:32Z,AK-47 | Point Disarray (Field-Tested),1293,12.93
2025-11-28T07:20:32Z,Enforcer | Phoenix,926,9.26
2025-11-28T07:20:32Z,Sir Bloody Skullhead Darryl | The Professionals,5485,54.85
2025-11-28T19:16:16Z,3rd Commando Company | KSK,1270,12.7
2025-11-28T19:16:16Z,AK-47 | Point Disarray (Field-Tested),1307,13.07
2025-11-28T19:16:16Z,Enforcer | Phoenix,936,9.36
2025-11-28T19:16:16Z,Sir Bloody Skullhead Darryl | The Professionals,5521,55.21
2025-11-29T07:18:58Z,3rd Commando Company | KSK,1273,12.73
2025-11-29T07:18:58Z,AK-47 | Point Disarray (Field-Tested),1315,13.15
2025-11-29T07:18:58Z,Enforcer | Phoenix,923,9.23
2025-11-29T07:18:58Z,Sir Bloody Skullhead Darryl | The Professionals,5632,56.32
2025-11-29T19:15:45Z,3rd Commando Company | KSK,1282,12.82
2025-11-29T19:15:45Z,AK-47 | Point Disarray (Field-Tested),1308,13.08
2025-11-29T19:15:45Z,Enforcer | Phoenix,923,9.23
2025-11-29T19:15:45Z,Sir Bloody Skullhead Darryl | The Professionals,5735,57.35
2025-11-30T07:18:31Z,3rd Commando Company | KSK,1283,12.83
2025-11-30T07:18:31Z,AK-47 | Point Disarray (Field-Tested),1310,13.1
2025-11-30T07:18:31Z,Enforcer | Phoenix,922,9.22
2025-11-30T07:18:31Z,Sir Bloody Skullhead Darryl | The Professionals,5674,56.74
2025-11-30T19:16:02Z,3rd Commando Company | KSK,1275,12.75
2025-11-30T19:16:02Z,AK-47 | Point Disarray (Field-Tested),1350,13.5
2025-11-30T19:16:02Z,Enforcer | Phoenix,925,9.25
2025-11-30T19:16:02Z,Sir Bloody Skullhead Darryl | The Professionals,5503,55.03
2025-12-01T07:23:43Z,3rd Commando Company | KSK,1282,12.82
2025-12-01T07:23:43Z,AK-47 | Point Disarray (Field-Tested),1375,13.75
2025-12-01T07:23:43Z,Enforcer | Phoenix,900,9.0
2025-12-01T07:23:43Z,Sir Bloody Skullhead Darryl | The Professionals,5450,54.5
2025-12-01T19:22:01Z,3rd Commando Company | KSK,1274,12.74
2025-12-01T19:22:01Z,AK-47 | Point Disarray (Field-Tested),1375,13.75
2025-12-01T19:22:01Z,Enforcer | Phoenix,915,9.15
2025-12-01T19:22:01Z,Sir Bloody Skullhead Darryl | The Professionals,5523,55.23
2025-12-02T07:22:27Z,3rd Commando Company | KSK,1254,12.54
2025-12-02T07:22:27Z,AK-47 | Point Disarray (Field-Tested),1363,13.63
2025-12-02T07:22:27Z,Enforcer | Phoenix,895,8.95
2025-12-02T07:22:27Z,Sir Bloody Skullhead Darryl | The Professionals,5530,55.3
2025-12-02T19:19:46Z,3rd Commando Company | KSK,1241,12.41
2025-12-02T19:19:46Z,AK-47 | Point Disarray (Field-Tested),1372,13.72
2025-12-02T19:19:46Z,Enforcer | Phoenix,888,8.88
2025-12-02T19:19:46Z,Sir Bloody Skullhead Darryl | The Professionals,5401,54.01
2025-12-03T07:22:28Z,3rd Commando Company | KSK,1288,12.88
2025-12-03T07:22:28Z,AK-47 | Point Disarray (Field-Tested),1372,13.72
2025-12-03T07:22:28Z,Enforcer | Phoenix,879,8.79
2025-12-03T07:22:28Z,Sir Bloody Skullhead Darryl | The Professionals,5399,53.99
2025-12-03T19:18:47Z,3rd Commando Company | KSK,1247,12.47
2025-12-03T19:18:47Z,AK-47 | Point Disarray (Field-Tested),1350,13.5
2025-12-03T19:18:47Z,Enforcer | Phoenix,882,8.82
2025-12-03T19:18:47Z,Sir Bloody Skullhead Darryl | The Professionals,5363,53.63
2025-12-04T07:22:27Z,3rd Commando Company | KSK,1258,12.58
2025-12-04T07:22:27Z,AK-47 | Point Disarray (Field-Tested),1370,13.7
2025-12-04T07:22:27Z,Enforcer | Phoenix,850,8.5
2025-12-04T07:22:27Z,Sir Bloody Skullhead Darryl | The Professionals,5424,54.24
2025-12-04T19:19:36Z,3rd Commando Company | KSK,1211,12.11
2025-12-04T19:19:36Z,AK-47 | Point Disarray (Field-Tested),1340,13.4
2025-12-04T19:19:36Z,Enforcer | Phoenix,883,8.83
2025-12-04T19:19:36Z,Sir Bloody Skullhead Darryl | The Professionals,5500,55.0
2025-12-05T07:21:57Z,3rd Commando Company | KSK,1275,12.75
2025-12-05T07:21:57Z,AK-47 | Point Disarray (Field-Tested),1348,13.48
2025-12-05T07:21:57Z,Enforcer | Phoenix,887,8.87
2025-12-05T07:21:57Z,Sir Bloody Skullhead Darryl | The Professionals,5498,54.98
2025-12-05T19:17:30Z,3rd Commando Company | KSK,1253,12.53
2025-12-05T19:17:30Z,AK-47 | Point Disarray (Field-Tested),1390,13.9
2025-12-05T19:17:30Z,Enforcer | Phoenix,854,8.54
2025-12-05T19:17:30Z,Sir Bloody Skullhead Darryl | The Professionals,5346,53.46
2025-12-06T07:19:08Z,3rd Commando Company | KSK,1279,12.79
2025-12-06T07:19:08Z,AK-47 | Point Disarray (Field-Tested),1385,13.85
2025-12-06T07:19:08Z,Enforcer | Phoenix,854,8.54
2025-12-06T07:19:08Z,Sir Bloody Skullhead Darryl | The Professionals,5385,53.85
2025-12-06T19:15:50Z,3rd Commando Company | KSK,1266,12.66
2025-12-06T19:15:50Z,AK-47 | Point Disarray (Field-Tested),1395,13.95
2025-12-06T19:15:50Z,Enforcer | Phoenix,800,8.0
2025-12-06T19:15:50Z,Sir Bloody Skullhead Darryl | The Professionals,5408,54.08
2025-12-07T07:19:12Z,3rd Commando Company | KSK,1278,12.78
2025-12-07T07:19:12Z,AK-47 | Point Disarray (Field-Tested),1400,14.0
2025-12-07T07:19:12Z,Enforcer | Phoenix,813,8.13
2025-12-07T07:19:12Z,Sir Bloody Skullhead Darryl | The Professionals,5356,53.56
2025-12-07T19:15:58Z,3rd Commando Company | KSK,1278,12.78
2025-12-07T19:15:58Z,AK-47 | Point Disarray (Field-Tested),1423,14.23
2025-12-07T19:15:58Z,Enforcer | Phoenix,817,8.17
2025-12-07T19:15:58Z,Sir Bloody Skullhead Darryl | The Professionals,5240,52.4
2025-12-08T07:24:29Z,3rd Commando Company | KSK,1278,12.78
2025-12-08T07:24:29Z,AK-47 | Point Disarray (Field-Tested),1417,14.17
2025-12-08T07:24:29Z,Enforcer | Phoenix,825,8.25
2025-12-08T07:24:29Z,Sir Bloody Skullhead Darryl | The Professionals,5387,53.87
2025-12-08T19:18:05Z,3rd Commando Company | KSK,1188,11.88
2025-12-08T19:18:05Z,AK-47 | Point Disarray (Field-Tested),1400,14.0
2025-12-08T19:18:05Z,Enforcer | Phoenix,825,8.25
2025-12-08T19:18:05Z,Sir Bloody Skullhead Darryl | The Professionals,5340,53.4
2025-12-09T07:22:28Z,3rd Commando Company | KSK,1256,12.56
2025-12-09T07:22:28Z,AK-47 | Point Disarray (Field-Tested),1412,14.12
2025-12-09T07:22:28Z,Enforcer | Phoenix,826,8.26
2025-12-09T07:22:28Z,Sir Bloody Skullhead Darryl | The Professionals,5100,51.0
2025-12-09T19:15:53Z,3rd Commando Company | KSK,1235,12.35
2025-12-09T19:15:53Z,AK-47 | Point Disarray (Field-Tested),1400,14.0
2025-12-09T19:15:53Z,Enforcer | Phoenix,829,8.29
2025-12-09T19:15:53Z,Sir Bloody Skullhead Darryl | The Professionals,5200,52.0
2025-12-10T07:23:18Z,3rd Commando Company | KSK,1251,12.51
2025-12-10T07:23:18Z,AK-47 | Point Disarray (Field-Tested),1383,13.83
2025-12-10T07:23:18Z,Enforcer | Phoenix,834,8.34
2025-12-10T07:23:18Z,Sir Bloody Skullhead Darryl | The Professionals,5100,51.0
2025-12-10T19:18:56Z,3rd Commando Company | KSK,1225,12.25
2025-12-10T19:18:56Z,AK-47 | Point Disarray (Field-Tested),1383,13.83
2025-12-10T19:18:56Z,Enforcer | Phoenix,835,8.35
2025-12-10T19:18:56Z,Sir Bloody Skullhead Darryl | The Professionals,5200,52.0
2025-12-11T07:24:37Z,3rd Commando Company | KSK,1225,12.25
2025-12-11T07:24:37Z,AK-47 | Point Disarray (Field-Tested),1344,13.44
2025-12-11T07:24:37Z,Enforcer | Phoenix,811,8.11
2025-12-11T07:24:37Z,Sir Bloody Skullhead Darryl | The Professionals,5141,51.41
2025-12-11T19:20:11Z,3rd Commando Company | KSK,1256,12.56
2025-12-11T19:20:11Z,AK-47 | Point Disarray (Field-Tested),1322,13.22
2025-12-11T19:20:11Z,Enforcer | Phoenix,845,8.45
2025-12-11T19:20:11Z,Sir Bloody Skullhead Darryl | The Professionals,5298,52.98
2025-12-12T07:23:55Z,3rd Commando Company | KSK,1254,12.54
2025-12-12T07:23:55Z,AK-47 | Point Disarray (Field-Tested),1378,13.78
2025-12-12T07:23:55Z,Enforcer | Phoenix,840,8.4
2025-12-12T07:23:55Z,Sir Bloody Skullhead Darryl | The Professionals,5278,52.78
2025-12-12T19:18:08Z,3rd Commando Company | KSK,1254,12.54
2025-12-12T19:18:08Z,AK-47 | Point Disarray (Field-Tested),1346,13.46
2025-12-12T19:18:08Z,Enforcer | Phoenix,845,8.45
2025-12-12T19:18:08Z,Sir Bloody Skullhead Darryl | The Professionals,5298,52.98
2025-12-13T07:22:28Z,3rd Commando Company | KSK,1200,12.0
2025-12-13T07:22:28Z,AK-47 | Point Disarray (Field-Tested),1366,13.66
2025-12-13T07:22:28Z,Enforcer | Phoenix,845,8.45
2025-12-13T07:22:28Z,Sir Bloody Skullhead Darryl | The Professionals,5285,52.85
2025-12-13T19:15:45Z,3rd Commando Company | KSK,1248,12.48
2025-12-13T19:15:45Z,AK-47 | Point Disarray (Field-Tested),1367,13.67
2025-12-13T19:15:45Z,Enforcer | Phoenix,830,8.3
2025-12-13T19:15:45Z,Sir Bloody Skullhead Darryl | The Professionals,5180,51.8
2025-12-14T07:19:39Z,3rd Commando Company | KSK,1205,12.05
2025-12-14T07:19:39Z,AK-47 | Point Disarray (Field-Tested),1350,13.5
2025-12-14T07:19:39Z,Enforcer | Phoenix,810,8.1
2025-12-14T07:19:39Z,Sir Bloody Skullhead Darryl | The Professionals,5280,52.8
2025-12-14T19:16:18Z,3rd Commando Company | KSK,1256,12.56
2025-12-14T19:16:18Z,AK-47 | Point Disarray (Field-Tested),1394,13.94
2025-12-14T19:16:18Z,Enforcer | Phoenix,800,8.0
2025-12-14T19:16:18Z,Sir Bloody Skullhead Darryl | The Professionals,5071,50.71
